,precision,recall,f1-score,support
Irrelevant,0.8941747572815534,0.7960242005185826,0.8422496570644719,1157.0
Salafi jihadi,0.5522151898734177,0.897172236503856,0.683643486777669,389.0
Salafi taklidi,0.7889344262295082,0.6374172185430463,0.7051282051282052,604.0
accuracy,0.7697674418604651,0.7697674418604651,0.7697674418604651,0.7697674418604651
macro avg,0.7451081244614931,0.7768712185218284,0.7436737829901153,2150.0
weighted avg,0.802738742547972,0.7697674418604651,0.7750314444081596,2150.0
