,precision,recall,f1-score,support
Irrelevant,0.879245283018868,0.8055315471045809,0.8407758231844835,1157.0
Salafi jihadi,0.525679758308157,0.8946015424164524,0.6622264509990485,389.0
Salafi taklidi,0.7897196261682243,0.5596026490066225,0.6550387596899225,604.0
accuracy,0.7525581395348837,0.7525581395348837,0.7525581395348837,0.7525581395348837
macro avg,0.7315482224984163,0.7532452461758853,0.7193470112911515,2150.0
weighted avg,0.7901241268094469,0.7525581395348837,0.75629168730967,2150.0
